{
  "title": "KV Store Concurrent Performance (Fixed)",
  "description": "Corrected concurrent benchmarks measuring actual throughput without thread spawning overhead",
  "generated_at": "2026-01-06T09:45:10.826567+00:00",
  "total_duration_ms": 2945.183336,
  "groups": [
    {
      "name": "Concurrent SET Operations",
      "baseline": "set_2_threads",
      "results": [
        {
          "name": "set_2_threads",
          "stats": {
            "iterations": 1,
            "rounds": 5,
            "warmup": 2,
            "total_runs": 5,
            "mean_ms": 45.958708,
            "min_ms": 39.357000000000006,
            "max_ms": 52.831583,
            "stddev_ms": 5.43106297097488,
            "median_ms": 44.628415999999994,
            "total_ms": 229.79354,
            "p25_ms": 42.964333,
            "p75_ms": 50.012208,
            "p95_ms": 52.267708000000006,
            "p99_ms": 52.718808,
            "iqr_ms": 7.047874999999998,
            "outliers": 0,
            "outliers_low": 0,
            "outliers_high": 0,
            "std_error_ms": 2.4288451986363597,
            "ci_lower_ms": 39.71657583950456,
            "ci_upper_ms": 52.200840160495446,
            "all_times_ms": [
              44.628415999999994,
              52.831583,
              50.012208,
              39.357000000000006,
              42.964333
            ]
          },
          "success": true,
          "error": null
        },
        {
          "name": "set_4_threads",
          "stats": {
            "iterations": 1,
            "rounds": 5,
            "warmup": 2,
            "total_runs": 5,
            "mean_ms": 61.233408399999995,
            "min_ms": 52.840417,
            "max_ms": 72.715875,
            "stddev_ms": 7.5712213140382625,
            "median_ms": 59.696,
            "total_ms": 306.167042,
            "p25_ms": 57.034208,
            "p75_ms": 63.880542,
            "p95_ms": 70.94880839999999,
            "p99_ms": 72.36246168,
            "iqr_ms": 6.846333999999999,
            "outliers": 0,
            "outliers_low": 0,
            "outliers_high": 0,
            "std_error_ms": 3.3859531061769674,
            "ci_lower_ms": 52.53150891712519,
            "ci_upper_ms": 69.9353078828748,
            "all_times_ms": [
              57.034208,
              52.840417,
              63.880542,
              59.696,
              72.715875
            ]
          },
          "success": true,
          "error": null
        },
        {
          "name": "set_8_threads",
          "stats": {
            "iterations": 1,
            "rounds": 5,
            "warmup": 2,
            "total_runs": 5,
            "mean_ms": 82.70257519999998,
            "min_ms": 73.53337499999999,
            "max_ms": 88.72666699999999,
            "stddev_ms": 7.193443313297828,
            "median_ms": 87.030542,
            "total_ms": 413.51287599999995,
            "p25_ms": 76.315125,
            "p75_ms": 87.907167,
            "p95_ms": 88.56276699999998,
            "p99_ms": 88.69388699999999,
            "iqr_ms": 11.592042000000006,
            "outliers": 0,
            "outliers_low": 0,
            "outliers_high": 0,
            "std_error_ms": 3.2170056481650517,
            "ci_lower_ms": 74.43487068421581,
            "ci_upper_ms": 90.97027971578416,
            "all_times_ms": [
              76.315125,
              87.907167,
              88.72666699999999,
              87.030542,
              73.53337499999999
            ]
          },
          "success": true,
          "error": null
        }
      ]
    },
    {
      "name": "Concurrent GET Operations",
      "baseline": "get_2_threads",
      "results": [
        {
          "name": "get_2_threads",
          "stats": {
            "iterations": 1,
            "rounds": 5,
            "warmup": 2,
            "total_runs": 5,
            "mean_ms": 28.0464586,
            "min_ms": 23.525292,
            "max_ms": 33.458042,
            "stddev_ms": 3.798108342415905,
            "median_ms": 28.492959000000003,
            "total_ms": 140.232293,
            "p25_ms": 25.522833000000002,
            "p75_ms": 29.233167,
            "p95_ms": 32.613067,
            "p99_ms": 33.289047,
            "iqr_ms": 3.7103339999999996,
            "outliers": 0,
            "outliers_low": 0,
            "outliers_high": 0,
            "std_error_ms": 1.6985656879102022,
            "ci_lower_ms": 23.68114478207078,
            "ci_upper_ms": 32.41177241792922,
            "all_times_ms": [
              23.525292,
              28.492959000000003,
              29.233167,
              25.522833000000002,
              33.458042
            ]
          },
          "success": true,
          "error": null
        },
        {
          "name": "get_4_threads",
          "stats": {
            "iterations": 1,
            "rounds": 5,
            "warmup": 2,
            "total_runs": 5,
            "mean_ms": 34.852292,
            "min_ms": 31.854792,
            "max_ms": 38.713042,
            "stddev_ms": 2.82824052859185,
            "median_ms": 35.2535,
            "total_ms": 174.26146,
            "p25_ms": 32.329958999999995,
            "p75_ms": 36.110167,
            "p95_ms": 38.192467,
            "p99_ms": 38.608927,
            "iqr_ms": 3.780208000000002,
            "outliers": 0,
            "outliers_low": 0,
            "outliers_high": 0,
            "std_error_ms": 1.2648276157302627,
            "ci_lower_ms": 31.601685027573225,
            "ci_upper_ms": 38.10289897242677,
            "all_times_ms": [
              36.110167,
              32.329958999999995,
              31.854792,
              35.2535,
              38.713042
            ]
          },
          "success": true,
          "error": null
        },
        {
          "name": "get_8_threads",
          "stats": {
            "iterations": 1,
            "rounds": 5,
            "warmup": 2,
            "total_runs": 5,
            "mean_ms": 37.203391599999996,
            "min_ms": 29.174833,
            "max_ms": 40.28975,
            "stddev_ms": 4.535654131366037,
            "median_ms": 38.800875,
            "total_ms": 186.016958,
            "p25_ms": 38.593125,
            "p75_ms": 39.158375,
            "p95_ms": 40.063475,
            "p99_ms": 40.244495,
            "iqr_ms": 0.5652499999999989,
            "outliers": 2,
            "outliers_low": 1,
            "outliers_high": 1,
            "std_error_ms": 2.028406192032444,
            "ci_lower_ms": 31.990387686476616,
            "ci_upper_ms": 42.416395513523376,
            "all_times_ms": [
              39.158375,
              29.174833,
              38.593125,
              40.28975,
              38.800875
            ]
          },
          "success": true,
          "error": null
        }
      ]
    },
    {
      "name": "Concurrent INCR Operations (Atomic)",
      "baseline": "incr_2_threads",
      "results": [
        {
          "name": "incr_2_threads",
          "stats": {
            "iterations": 1,
            "rounds": 5,
            "warmup": 2,
            "total_runs": 5,
            "mean_ms": 12.7758334,
            "min_ms": 10.74575,
            "max_ms": 15.572292,
            "stddev_ms": 1.7459727599257668,
            "median_ms": 12.54275,
            "total_ms": 63.879166999999995,
            "p25_ms": 12.34225,
            "p75_ms": 12.676125,
            "p95_ms": 14.9930586,
            "p99_ms": 15.456445319999998,
            "iqr_ms": 0.3338750000000008,
            "outliers": 2,
            "outliers_low": 1,
            "outliers_high": 1,
            "std_error_ms": 0.780822755611387,
            "ci_lower_ms": 10.769118918078735,
            "ci_upper_ms": 14.782547881921264,